<?xml version="1.0" ?>
<readme>
    <!-- *********************************************************************************************************** -->

    <!-- CSE 331 README Fall 2021) -->

    <!-- Thanks for filling out your README! -->
    <!-- The purpose of this README is to collect your feedback to ensure we make CSE 331 the best it can be. -->
    <!-- You'll receive full credit for the README as long as you fill out every field, so answer honestly! -->
    <!-- Just replace the text REPLACE with your response and leave the <> tags alone.  -->
    <!-- Include this file in your .zip folder uploaded to Mimir, and you're golden! -->

    <!-- *********************************************************************************************************** -->

    <!-- (1) Please enter your MSU netid (the part of your email before @msu.edu) below. -->
    <netid>
        pacific3
    </netid>

    <!-- (2) Please enter your feedback below. How did you like the Project/CC? -->
    <!-- What was easy? What was challenging? How could we improve it in the future? -->
    <feedback>
        It was easy after recognizing that the logic was very similar to the last CC however, it took a while
        to get to that realization. It was just very nit picky and I had to use the debugger
        religiously.
    </feedback>

    <!-- (3) Please enter how difficult this project was -->
    <!--  0 means Easy, 10 means Rocket Science (very difficult)  -->
    <difficulty>
        5
    </difficulty>

    <!-- (4) Please enter approximately how long the Project/CC took you in hours (as a floating point).  -->
    <!-- For example, if it took you 45 minutes, enter 0.75; if it took you 2 and a half hours, enter 2.5. -->
    <time>
        7
    </time>

    <!-- (5) Please cite the resources you used to complete the Project/CC. URLs are fine!  -->
    <citations>
        Refresh on Dictionaries: https://www.stackvidhya.com/check-if-key-exists-in-dictionary-python/
    </citations>

    <!-- *********************************************************************************************************** -->

    <!-- Configured by Project/CC author. DO NOT EDIT! -->
    <type>CC</type>    <!-- Enter "Project" or "CC" without quotes -->
    <number>3</number>      <!-- Enter Project/CC number as integer -->

    <!-- *********************************************************************************************************** -->

</readme>