<?xml version="1.0" ?>
<readme>
    <!-- *********************************************************************************************************** -->

    <!-- CSE 331 README (Fall 2021) -->

    <!-- Thanks for filling out your README! -->
    <!-- The purpose of this README is to collect your feedback to ensure we make CSE 331 the best it can be. -->
    <!-- You'll receive full credit for the README as long as you fill out every field, so answer honestly! -->
    <!-- Just replace the text REPLACE with your response and leave the <> tags alone.  -->
    <!-- Include this file in your .zip folder uploaded to Mimir, and you're golden! -->

    <!-- *********************************************************************************************************** -->

    <!-- (1) Please enter your MSU netid (the part of your email before @msu.edu) below. -->
    <netid>
        pacific3
    </netid>

    <!-- (2) Please enter your feedback below. How did you like the Project/CC? -->
    <!-- What was easy? What was challenging? How could we improve it in the future? -->
    <feedback>
        I think the most challenging parts were the dfs, bfs, and A*. Everything else was very straight forward but
        trying to find the shortest path wtih dfs and bfs were both tricky in my personal opinion.
    </feedback>

    <!-- (3) Please enter how difficult this project was -->
    <!--  0 means Easy, 10 means Rocket Science (very difficult)  -->
    <difficulty>
        7
    </difficulty>

    <!-- (4) Please enter approximately how long the Project/CC took you in hours (as a floating point).  -->
    <!-- For example, if it took you 45 minutes, enter 0.75; if it took you 2 and a half hours, enter 2.5. -->
    <time>
        6
    </time>

    <!-- (5) Please cite the resources you used to complete the Project/CC. URLs are fine!  -->
    <citations>
        Onsay's Graph Source Code
        https://www.youtube.com/watch?v=0dJmTuMrUZM
        https://www.geeksforgeeks.org/shortest-path-unweighted-graph/
        https://www.youtube.com/watch?v=ySN5Wnu88nE
        https://www.redblobgames.com/pathfinding/a-star/implementation.html
    </citations>

    <!-- *********************************************************************************************************** -->

    <!-- Configured by Project/CC author. DO NOT EDIT! -->
    <type>Project</type>    <!-- Enter "Project" or "CC" without quotes -->
    <number>5</number>      <!-- Enter Project/CC number as integer -->

    <!-- *********************************************************************************************************** -->

</readme>
